[
	{
		"code": "SODV",
		"num": "1101",
		"name": "Programming Fundamentals",
		"credits": "3",
		"description": "Computer programming is central to software development. Learners analyze basic software and technology problems and develop a good programming style and logical thinking to write structured instruction that addresses those problems. Learners demonstrate their structured coding skills by writing correct code with clarity and quality. They use extensively the structured control flow, repetition, block structure, and subroutines in this course."
	},
	{
		"code": "TECH",
		"num": "1101",
		"name": "Web and Internet Fundamentals",
		"credits": "3",
		"description": "This course focuses on the design, construction and website publishing that meet web standards for the internet. During the design of websites, learners address issues such as bandwidth, aesthetics and the user interface. During the construction of websites, learners focus on the use of Hyper Text Markup Language (HTML), cascading style sheets (CSS), basic client-side scripting, website maintenance and web technologies."
	},
	{
		"code": "TECH",
		"num": "1102",
		"name": "Internet of Things",
		"credits": "3",
		"description": "This course focuses on the pervasiveness of the internet. Learners explore the internet of things through the construction of simple interfaces between computers and the devices they control. Through the creation of these interfaces, learners gain insight into the elements of computer architecture, networking, and the programs that control device function within that network."
	},
	{
		"code": "MGMT",
		"num": "1103",
		"name": "Introduction to Project Teams and Technical Communications for Software Development",
		"credits": "3",
		"description": "This course prepares learners to function as part of a member of an IT project team.  Practical skills in effective communications and accurate technical communications are applied in real-world organization scenarios.  Learners will also be introduced to roles within a project team as it relates to project management methodologies."
	},
	{
		"code": "MATH",
		"num": "1901",
		"name": "Math for the Computer Industry",
		"credits": "3",
		"description": "This course provides learners with the practical knowledge and skills in the use of mathematics in relation to computers. Alternate number bases, set theory, logic, and Boolean algebra are the foundation of this course. In addition, learners use basic statistical concepts to understand challenges in information technology."
	},
	{
		"code": "DATA",
		"num": "1201",
		"name": "Introduction to Relational Databases",
		"credits": "3",
		"description": "In this course, the learner plans, creates and manages a relational database at a fundamental level.  The emphasis of this course is on data manipulation and extraction.Prerequisite: SODV1101"
	},
	{
		"code": "DESN",
		"num": "2301",
		"name": "User Experience Design",
		"credits": "3",
		"description": "This course introduces the principles of designing the user experience. These principles as well as design thinking are applied in the construction of effective solutions to business scenarios. Learners take a multi-disciplinary approach to integrating skills, concepts, and performance criteria within production teams. The course covers marketing content, layouts, usability testing, and visual theory, as well as introduces designing for emerging technologies."
	},
	{
		"code": "SODV",
		"num": "1201",
		"name": "Introduction to Web Programming",
		"credits": "3",
		"description": "This course provides learners with foundational programming knowledge and skills for web application development. Using web technology, learners plan, design, construct and integrate basic server-side components, including databases and scripts.Prerequisites: SODV1101, TECH1101"
	},
	{
		"code": "SODV",
		"num": "1202",
		"name": "Introduction to Object Oriented Programming",
		"credits": "3",
		"description": "In this course, learners apply principles of design, logic and structure in the creation of  application programs using object-oriented programming language, existing classes and user-defined classes. Learners use current, evidence-based practices such as automated unit tests and documentation to deliver working software.Prerequisites: SODV1101, MATH1901"
	},
	{
		"code": "TECH",
		"num": "1201",
		"name": "Networking Essentials",
		"credits": "3",
		"description": "Network systems interconnect computer related resources, services and users. This course provides the learners with a foundation in networking concepts and technologies, with emphasis on terminology, protocols, error detection/correction and network security. Through course activities, learners develop skills to plan and implement small networks across a range of applications."
	},
	{
		"code": "DATA",
		"num": "2201",
		"name": "Relational Databases",
		"credits": "3",
		"description": "In this course learners use Structured Query Language (SQL) on commercial relational databases. Using SQL and SQL procedural language, learners create and manage a relational database, addressing data integrity and security. In addition, learners explore the relationship between database administration and software development.Prerequisite: DATA1201"
	},
	{
		"code": "MGMT",
		"num": "1104",
		"name": "Introduction to Project Management for IT",
		"credits": "3",
		"description": "This course introduces the fundamental principles necessary for successful management of Information Technology (IT) projects. Project planning, management and control techniques will be discussed and the application of computers in project management will be studied.Prerequisite: MGMT1103"
	},
	{
		"code": "SODV",
		"num": "2101",
		"name": "Rapid Application Development",
		"credits": "3",
		"description": "This course introduces programming techniques supported by a visual rapid application development environment including forms, controls, user-defined classes and objects. Learners examine the framework provided by the platform that supports visual programming to build graphical user interface (GUI)  application. The skills in this course can be applied to building data driven applications.Prerequisites: SODV1202, DATA1201"
	},
	{
		"code": "SODV",
		"num": "2201",
		"name": "Web Programming",
		"credits": "3",
		"description": "This course gives learners the opportunity to enhance and enrich their skills in web programming. Learners develop web applications using three-tier architecture, session management, object-oriented techniques and advanced database interactions. In addition, the course explores concepts such as advanced cascading style sheet (CSS). Learners develop rich interactive web applications with authentication and security.Prerequisites: SODV1201, SODV1202, DATA1201"
	},
	{
		"code": "SODV",
		"num": "2202",
		"name": "Object Oriented Programming",
		"credits": "3",
		"description": "In this course, learners explore object-oriented design concepts and techniques. This course introduces techniques such as threads and event handling that potentially lead to the creation of sophisticated applications.  The knowledge and skills in this course apply to the areas like database manipulation and network connectivity.Prerequisite:s DATA1201, SODV1202"
	},
	{
		"code": "SODV",
		"num": "2203",
		"name": "Introduction to Game and Simulation Programming",
		"credits": "3",
		"description": "Building on programming skills obtained in previous courses, the learner will learn techniques and gain experience developing with tools used for game and simulation programming. The learner will develop two-dimensional and three-dimensional graphics environments to be used for presenting data and creating virtual spaces. The use of game and simulation applications in various fields such as health, entertainment, environmental studies, and education will be explored.Prerequisite: SODV2202"
	},
	{
		"code": "SODV",
		"num": "2401",
		"name": "Algorithms and Data Structures",
		"credits": "3",
		"description": "This course introduces learners to fundamental abstract data types and common techniques, algorithms, and data structures used in their implementation. Learners also explore common search and sort algorithms as well as basic algorithm efficiency analysis. Learners are also exposed to common technical interview questions and strategies to solve them. Prerequisites: SODV1202"
	},
	{
		"code": "SODV",
		"num": "2999",
		"name": "Software Development Diploma Capstone Project",
		"credits": "3",
		"description": "Learners strengthen their skills and their knowledge of software development by creating a portfolio piece to prepare for entry into the industry. Research, client communication, and documentation skills are practiced and refined. Advanced elements of software design and development are put into practice. This course will center on a capstone project that incorporates all program learning.Prerequisites: DESN2301, MGMT1104, SODV2101 and SODV2201"
	},
	{
		"code": "SODV",
		"num": "3203",
		"name": "Mobile Application Development",
		"credits": "3",
		"description": "Learners approach application development with a mobile-first and mobile-only lens, expanding avenues to reach users. The course focuses on common industry tools and mobile features of programming languages and frameworks that enable mobile business application construction."
	},
	{
		"code": "TECH",
		"num": "2102",
		"name": "Enterprise Computing",
		"credits": "3",
		"description": "Learners will learn about the protocols and applications that make possible the simultaneous and seamless interaction of millions of computers through the internet and enterprise networks. In order to design and implement enterprise class applications, the learner will undertake an in depth study of the concepts of enterprise computing. To understand the practical aspect of enterprise computing, the learner will build a working example of a dynamic, secure web enterprise application. Topics that will be covered include Service Oriented Architecture (SOA) and Service Component Architecture (SCA).Prerequisite: TECH1201, SODV2201"
	}
]
