[
    {
        "username": "admin",
        "password": "admin",
        "id": 1,
        "courses": [
            {
                "code": "SODV",
                "num": "1101",
                "name": "Programming Fundamentals",
                "credits": "3",
                "description": "Computer programming is central to software development. Learners analyze basic software and technology problems and develop a good programming style and logical thinking to write structured instruction that addresses those problems. Learners demonstrate their structured coding skills by writing correct code with clarity and quality. They use extensively the structured control flow, repetition, block structure, and subroutines in this course."
            }
        ]
    }
]